{"cameraMode":{"drawMode":0,"name":"Shaded","section":"Shading Mode"},"sceneLighting":false,"audioPlay":false,"sceneViewState":{"showFog":true,"showMaterialUpdate":false,"showSkybox":true,"showFlares":true,"showImageEffects":true,"showParticleSystems":true},"in2DMode":false,"pivot":{"x":0.7814140915870667,"y":5.6748046875,"z":-0.195703387260437},"rotation":{"x":-0.020967036485671998,"y":-0.05456351488828659,"z":-0.0011473189806565643,"w":0.9982895255088806},"size":1.780931830406189,"orthographic":true}