{"cameraMode":{"drawMode":0,"name":"Shaded","section":"Shading Mode"},"sceneLighting":false,"audioPlay":false,"sceneViewState":{"showFog":true,"showMaterialUpdate":false,"showSkybox":true,"showFlares":true,"showImageEffects":true,"showParticleSystems":true},"in2DMode":false,"pivot":{"x":5.960464477539063e-8,"y":2.980232238769531e-7,"z":-0.600000262260437},"rotation":{"x":-0.010499749332666397,"y":-0.0036017969250679018,"z":-0.000038912367017474025,"w":0.999938428401947},"size":1.7809312343597413,"orthographic":true}