{"cameraMode":{"drawMode":0,"name":"Shaded","section":"Shading Mode"},"sceneLighting":false,"audioPlay":false,"sceneViewState":{"showFog":true,"showMaterialUpdate":false,"showSkybox":true,"showFlares":true,"showImageEffects":true,"showParticleSystems":true},"in2DMode":false,"pivot":{"x":6.392999649047852,"y":0.11899998784065247,"z":-5.960464477539063e-8},"rotation":{"x":0.026602352038025857,"y":0.7656033039093018,"z":-0.03170483186841011,"w":0.6419803500175476},"size":2.143422842025757,"orthographic":true}