{"cameraMode":{"drawMode":0,"name":"Shaded","section":"Shading Mode"},"sceneLighting":false,"audioPlay":false,"sceneViewState":{"showFog":true,"showMaterialUpdate":false,"showSkybox":true,"showFlares":true,"showImageEffects":true,"showParticleSystems":true},"in2DMode":false,"pivot":{"x":5.960464477539063e-8,"y":2.980232238769531e-7,"z":-0.600000262260437},"rotation":{"x":0.014993843622505665,"y":-0.027585472911596299,"z":-0.00041369881364516914,"w":-0.999506950378418},"size":1.7809312343597413,"orthographic":true}