{"cameraMode":{"drawMode":0,"name":"Shaded","section":"Shading Mode"},"sceneLighting":false,"audioPlay":false,"sceneViewState":{"showFog":true,"showMaterialUpdate":false,"showSkybox":true,"showFlares":true,"showImageEffects":true,"showParticleSystems":true},"in2DMode":false,"pivot":{"x":4.185999870300293,"y":0.10000000149011612,"z":-5.960464477539063e-8},"rotation":{"x":-0.2188887894153595,"y":-0.5731197595596314,"z":0.16232383251190186,"w":-0.772834062576294},"size":1.7809303998947144,"orthographic":true}