{"cameraMode":{"drawMode":0,"name":"Shaded","section":"Shading Mode"},"sceneLighting":false,"audioPlay":false,"sceneViewState":{"showFog":true,"showMaterialUpdate":false,"showSkybox":true,"showFlares":true,"showImageEffects":true,"showParticleSystems":true},"in2DMode":false,"pivot":{"x":-0.1669921875,"y":0.1116943359375,"z":0.42034912109375},"rotation":{"x":-0.08354213088750839,"y":0.9159332513809204,"z":-0.2609032392501831,"w":-0.2932857573032379},"size":1.8376522064208985,"orthographic":true}