{"cameraMode":{"drawMode":0,"name":"Shaded","section":"Shading Mode"},"sceneLighting":false,"audioPlay":false,"sceneViewState":{"showFog":true,"showMaterialUpdate":false,"showSkybox":true,"showFlares":true,"showImageEffects":true,"showParticleSystems":true},"in2DMode":false,"pivot":{"x":7.450580596923828e-9,"y":0.20000000298023225,"z":-1.4901161193847657e-8},"rotation":{"x":-0.2188887894153595,"y":-0.5731197595596314,"z":0.16232383251190186,"w":-0.772834062576294},"size":0.7470692992210388,"orthographic":true}