{"cameraMode":{"drawMode":0,"name":"Shaded","section":"Shading Mode"},"sceneLighting":false,"audioPlay":false,"sceneViewState":{"showFog":true,"showMaterialUpdate":false,"showSkybox":true,"showFlares":true,"showImageEffects":true,"showParticleSystems":true},"in2DMode":false,"pivot":{"x":5.960464477539063e-8,"y":2.980232238769531e-7,"z":-0.600000262260437},"rotation":{"x":0.0015001186402514577,"y":0.0024081463925540449,"z":0.0000036274207104725066,"w":-0.9999960064888},"size":1.7809312343597413,"orthographic":true}