{"cameraMode":{"drawMode":0,"name":"Shaded","section":"Shading Mode"},"sceneLighting":false,"audioPlay":false,"sceneViewState":{"showFog":true,"showMaterialUpdate":false,"showSkybox":true,"showFlares":true,"showImageEffects":true,"showParticleSystems":true},"in2DMode":false,"pivot":{"x":1.7814140319824219,"y":5.6748046875,"z":-0.195703387260437},"rotation":{"x":0.04044674336910248,"y":-0.04553920030593872,"z":-0.0018425538437440992,"w":-0.9981417655944824},"size":1.7809319496154786,"orthographic":true}