{"cameraMode":{"drawMode":0,"name":"Shaded","section":"Shading Mode"},"sceneLighting":true,"audioPlay":false,"sceneViewState":{"showFog":true,"showMaterialUpdate":false,"showSkybox":true,"showFlares":true,"showImageEffects":true,"showParticleSystems":true},"in2DMode":false,"pivot":{"x":-0.795654296875,"y":1.07666015625,"z":-1.46484375},"rotation":{"x":0.04044674336910248,"y":-0.04553920030593872,"z":-0.0018425538437440992,"w":-0.9981417655944824},"size":12.277145385742188,"orthographic":true}