{"cameraMode":{"drawMode":0,"name":"Shaded","section":"Shading Mode"},"sceneLighting":true,"audioPlay":false,"sceneViewState":{"showFog":true,"showMaterialUpdate":false,"showSkybox":true,"showFlares":true,"showImageEffects":true,"showParticleSystems":true},"in2DMode":false,"pivot":{"x":-0.48888397216796877,"y":2.87890625,"z":-0.927734375},"rotation":{"x":-0.624896228313446,"y":-0.0016316876281052828,"z":0.001309612882323563,"w":-0.7807050347328186},"size":8.633106231689454,"orthographic":true}